"","StartDate","DAX"
"1",2009-01-01,1628.75
"2",2009-01-02,1613.63
"3",2009-01-03,1606.51
"4",2009-01-04,1621.04
"5",2009-01-05,1618.16
"6",2009-01-06,1610.61
"7",2009-01-07,1630.75
"8",2009-01-08,1640.17
"9",2009-01-09,1635.47
"10",2009-01-10,1645.89
"11",2009-01-11,1647.84
"12",2009-01-12,1638.35
"13",2009-01-13,1629.93
"14",2009-01-14,1621.49
"15",2009-01-15,1624.74
"16",2009-01-16,1627.63
"17",2009-01-17,1631.99
"18",2009-01-18,1621.18
"19",2009-01-19,1613.42
"20",2009-01-20,1604.95
"21",2009-01-21,1605.75
"22",2009-01-22,1616.67
"23",2009-01-23,1619.29
"24",2009-01-24,1620.49
"25",2009-01-25,1619.67
"26",2009-01-26,1623.07
"27",2009-01-27,1613.98
"28",2009-01-28,1631.87
"29",2009-01-29,1630.37
"30",2009-01-30,1633.47
"31",2009-01-31,1626.55
"32",2009-02-01,1650.43
"33",2009-02-02,1650.06
"34",2009-02-03,1654.11
"35",2009-02-04,1653.6
"36",2009-02-05,1501.82
"37",2009-02-06,1524.28
"38",2009-02-07,1603.65
"39",2009-02-08,1622.49
"40",2009-02-09,1636.68
"41",2009-02-10,1652.1
"42",2009-02-11,1645.81
"43",2009-02-12,1650.36
"44",2009-02-13,1651.55
"45",2009-02-14,1649.88
"46",2009-02-15,1653.52
"47",2009-02-16,1657.51
"48",2009-02-17,1649.55
"49",2009-02-18,1649.09
"50",2009-02-19,1646.41
"51",2009-02-20,1638.65
"52",2009-02-21,1625.8
"53",2009-02-22,1628.64
"54",2009-02-23,1632.22
"55",2009-02-24,1633.65
"56",2009-02-25,1631.17
"57",2009-02-26,1635.8
"58",2009-02-27,1621.27
"59",2009-02-28,1624.7
"60",2009-03-01,1616.13
"61",2009-03-02,1618.12
"62",2009-03-03,1627.8
"63",2009-03-04,1625.79
"64",2009-03-05,1614.8
"65",2009-03-06,1612.8
"66",2009-03-07,1605.47
"67",2009-03-08,1609.32
"68",2009-03-09,1607.48
"69",2009-03-10,1607.48
"70",2009-03-11,1604.89
"71",2009-03-12,1589.12
"72",2009-03-13,1582.27
"73",2009-03-14,1567.99
"74",2009-03-15,1568.16
"75",2009-03-16,1569.71
"76",2009-03-17,1571.74
"77",2009-03-18,1585.41
"78",2009-03-19,1570.01
"79",2009-03-20,1561.89
"80",2009-03-21,1565.18
"81",2009-03-22,1570.34
"82",2009-03-23,1577
"83",2009-03-24,1590.29
"84",2009-03-25,1572.72
"85",2009-03-26,1572.07
"86",2009-03-27,1579.19
"87",2009-03-28,1588.73
"88",2009-03-29,1586.01
"89",2009-03-30,1579.77
"90",2009-03-31,1572.58
"91",2009-04-01,1568.09
"92",2009-04-02,1578.21
"93",2009-04-03,1573.94
"94",2009-04-04,1582.06
"95",2009-04-05,1610.18
"96",2009-04-06,1605.16
"97",2009-04-07,1623.84
"98",2009-04-08,1615.26
"99",2009-04-09,1627.08
"100",2009-04-10,1626.97
"101",2009-04-11,1605.7
"102",2009-04-12,1589.7
"103",2009-04-13,1589.7
"104",2009-04-14,1603.26
"105",2009-04-15,1599.75
"106",2009-04-16,1590.86
"107",2009-04-17,1603.5
"108",2009-04-18,1589.86
"109",2009-04-19,1587.92
"110",2009-04-20,1571.06
"111",2009-04-21,1549.81
"112",2009-04-22,1549.36
"113",2009-04-23,1554.65
"114",2009-04-24,1557.52
"115",2009-04-25,1555.31
"116",2009-04-26,1559.76
"117",2009-04-27,1548.44
"118",2009-04-28,1543.99
"119",2009-04-29,1550.21
"120",2009-04-30,1557.03
"121",2009-05-01,1551.78
"122",2009-05-02,1562.89
"123",2009-05-03,1570.28
"124",2009-05-04,1559.26
"125",2009-05-05,1545.87
"126",2009-05-06,1542.77
"127",2009-05-07,1542.77
"128",2009-05-08,1542.77
"129",2009-05-09,1542.77
"130",2009-05-10,1564.27
"131",2009-05-11,1577.26
"132",2009-05-12,1577.26
"133",2009-05-13,1577.26
"134",2009-05-14,1598.19
"135",2009-05-15,1604.05
"136",2009-05-16,1604.69
"137",2009-05-17,1593.65
"138",2009-05-18,1581.68
"139",2009-05-19,1599.14
"140",2009-05-20,1613.82
"141",2009-05-21,1620.45
"142",2009-05-22,1629.51
"143",2009-05-23,1663.7
"144",2009-05-24,1664.09
"145",2009-05-25,1669.29
"146",2009-05-26,1685.14
"147",2009-05-27,1687.07
"148",2009-05-28,1680.13
"149",2009-05-29,1671.84
"150",2009-05-30,1669.52
"151",2009-05-31,1686.71
"152",2009-06-01,1685.51
"153",2009-06-02,1671.01
"154",2009-06-03,1683.06
"155",2009-06-04,1685.7
"156",2009-06-05,1685.66
"157",2009-06-06,1678.77
"158",2009-06-07,1685.85
"159",2009-06-08,1683.71
"160",2009-06-09,1686.59
"161",2009-06-10,1683.73
"162",2009-06-11,1679.14
"163",2009-06-12,1685.03
"164",2009-06-13,1680.81
"165",2009-06-14,1676.17
"166",2009-06-15,1688.46
"167",2009-06-16,1696.55
"168",2009-06-17,1690.24
"169",2009-06-18,1711.35
"170",2009-06-19,1711.29
"171",2009-06-20,1729.86
"172",2009-06-21,1716.63
"173",2009-06-22,1743.36
"174",2009-06-23,1745.17
"175",2009-06-24,1746.76
"176",2009-06-25,1749.29
"177",2009-06-26,1763.86
"178",2009-06-27,1762.27
"179",2009-06-28,1762.29
"180",2009-06-29,1746.77
"181",2009-06-30,1753.5
"182",2009-07-01,1753.21
"183",2009-07-02,1739.88
"184",2009-07-03,1723.92
"185",2009-07-04,1734.42
"186",2009-07-05,1723.13
"187",2009-07-06,1732.92
"188",2009-07-07,1729.89
"189",2009-07-08,1725.74
"190",2009-07-09,1730.9
"191",2009-07-10,1714.17
"192",2009-07-11,1716.2
"193",2009-07-12,1719.06
"194",2009-07-13,1718.21
"195",2009-07-14,1698.84
"196",2009-07-15,1714.76
"197",2009-07-16,1718.35
"198",2009-07-17,1706.69
"199",2009-07-18,1723.37
"200",2009-07-19,1716.18
"201",2009-07-20,1738.78
"202",2009-07-21,1737.41
"203",2009-07-22,1714.77
"204",2009-07-23,1724.24
"205",2009-07-24,1733.77
"206",2009-07-25,1729.96
"207",2009-07-26,1734.46
"208",2009-07-27,1744.35
"209",2009-07-28,1746.88
"210",2009-07-29,1746.88
"211",2009-07-30,1746.88
"212",2009-07-31,1747.47
"213",2009-08-01,1753.1
"214",2009-08-02,1745.17
"215",2009-08-03,1745.72
"216",2009-08-04,1742.92
"217",2009-08-05,1731.68
"218",2009-08-06,1731.18
"219",2009-08-07,1728.09
"220",2009-08-08,1728.09
"221",2009-08-09,1731.29
"222",2009-08-10,1733.82
"223",2009-08-11,1745.78
"224",2009-08-12,1752.57
"225",2009-08-13,1748.13
"226",2009-08-14,1750.7
"227",2009-08-15,1747.91
"228",2009-08-16,1745.79
"229",2009-08-17,1735.34
"230",2009-08-18,1719.92
"231",2009-08-19,1763.59
"232",2009-08-20,1766.76
"233",2009-08-21,1785.4
"234",2009-08-22,1783.56
"235",2009-08-23,1804.42
"236",2009-08-24,1812.33
"237",2009-08-25,1799.51
"238",2009-08-26,1792.8
"239",2009-08-27,1792.8
"240",2009-08-28,1806.36
"241",2009-08-29,1798.23
"242",2009-08-30,1800.62
"243",2009-08-31,1786.19
"244",2009-09-01,1791.35
"245",2009-09-02,1789.05
"246",2009-09-03,1789.05
"247",2009-09-04,1784.71
"248",2009-09-05,1789.45
"249",2009-09-06,1779.74
"250",2009-09-07,1786.97
"251",2009-09-08,1773.25
"252",2009-09-09,1781.62
"253",2009-09-10,1773.75
"254",2009-09-11,1773.75
"255",2009-09-12,1776.34
"256",2009-09-13,1770.72
"257",2009-09-14,1772.39
"258",2009-09-15,1762.55
"259",2009-09-16,1764.35
"260",2009-09-17,1752.83
"261",2009-09-18,1755.98
"262",2009-09-19,1754.95
"263",2009-09-20,1759.9
"264",2009-09-21,1759.84
"265",2009-09-22,1776.5
"266",2009-09-23,1769.98
"267",2009-09-24,1766.98
"268",2009-09-25,1752.29
"269",2009-09-26,1760.17
"270",2009-09-27,1750.32
"271",2009-09-28,1731.44
"272",2009-09-29,1735.51
"273",2009-09-30,1733.84
"274",2009-10-01,1730.78
"275",2009-10-02,1699.46
"276",2009-10-03,1652.71
"277",2009-10-04,1654.09
"278",2009-10-05,1636.81
"279",2009-10-06,1622.81
"280",2009-10-07,1613.36
"281",2009-10-08,1617.78
"282",2009-10-09,1617.18
"283",2009-10-10,1637.62
"284",2009-10-11,1622.2
"285",2009-10-12,1608.49
"286",2009-10-13,1605.11
"287",2009-10-14,1609.61
"288",2009-10-15,1624.94
"289",2009-10-16,1618.07
"290",2009-10-17,1611.96
"291",2009-10-18,1578.95
"292",2009-10-19,1561.39
"293",2009-10-20,1547.87
"294",2009-10-21,1548.63
"295",2009-10-22,1560.16
"296",2009-10-23,1554.76
"297",2009-10-24,1531.87
"298",2009-10-25,1526.14
"299",2009-10-26,1509.03
"300",2009-10-27,1530.03
"301",2009-10-28,1484.97
"302",2009-10-29,1464.03
"303",2009-10-30,1475.11
"304",2009-10-31,1516.12
"305",2009-11-01,1519.69
"306",2009-11-02,1529.97
"307",2009-11-03,1516.44
"308",2009-11-04,1515.53
"309",2009-11-05,1543.89
"310",2009-11-06,1534.72
"311",2009-11-07,1538.66
"312",2009-11-08,1536.71
"313",2009-11-09,1523.83
"314",2009-11-10,1527.1
"315",2009-11-11,1530.2
"316",2009-11-12,1601.5
"317",2009-11-13,1580.29
"318",2009-11-14,1595.09
"319",2009-11-15,1579.47
"320",2009-11-16,1600.59
"321",2009-11-17,1566
"322",2009-11-18,1557.01
"323",2009-11-19,1542.74
"324",2009-11-20,1536.3
"325",2009-11-21,1510.66
"326",2009-11-22,1481.03
"327",2009-11-23,1483.83
"328",2009-11-24,1470.09
"329",2009-11-25,1484.78
"330",2009-11-26,1475.41
"331",2009-11-27,1402.34
"332",2009-11-28,1421.49
"333",2009-11-29,1434.61
"334",2009-11-30,1446.32
"335",2009-12-01,1437.65
"336",2009-12-02,1441.57
"337",2009-12-03,1471.64
"338",2009-12-04,1453.95
"339",2009-12-05,1453.79
"340",2009-12-06,1458.02
"341",2009-12-07,1479.59
"342",2009-12-08,1504.89
"343",2009-12-09,1496.54
"344",2009-12-10,1511
"345",2009-12-11,1528.86
"346",2009-12-12,1534.02
"347",2009-12-13,1536.6
"348",2009-12-14,1508.19
"349",2009-12-15,1493.54
"350",2009-12-16,1489.68
"351",2009-12-17,1482.44
"352",2009-12-18,1483.34
"353",2009-12-19,1470.57
"354",2009-12-20,1484.84
"355",2009-12-21,1487.71
"356",2009-12-22,1508.63
"357",2009-12-23,1515.27
"358",2009-12-24,1509.84
"359",2009-12-25,1542.28
"360",2009-12-26,1541.79
"361",2009-12-27,1542.48
"362",2009-12-28,1550.27
"363",2009-12-29,1550.27
"364",2009-12-30,1543.37
"365",2009-12-31,1547.84
"366",2010-01-01,1523.62
"367",2010-01-02,1526.68
"368",2010-01-03,1513.42
"369",2010-01-04,1523.02
"370",2010-01-05,1529.69
"371",2010-01-06,1545.12
"372",2010-01-07,1546.82
"373",2010-01-08,1528.12
"374",2010-01-09,1530.65
"375",2010-01-10,1526.25
"376",2010-01-11,1519.48
"377",2010-01-12,1506.65
"378",2010-01-13,1504.3
"379",2010-01-14,1480.65
"380",2010-01-15,1476.7
"381",2010-01-16,1478.07
"382",2010-01-17,1479.62
"383",2010-01-18,1477.55
"384",2010-01-19,1472.59
"385",2010-01-20,1495.6
"386",2010-01-21,1517.45
"387",2010-01-22,1520.93
"388",2010-01-23,1527.06
"389",2010-01-24,1527.06
"390",2010-01-25,1527.06
"391",2010-01-26,1547.51
"392",2010-01-27,1545.82
"393",2010-01-28,1538.43
"394",2010-01-29,1538.43
"395",2010-01-30,1538.43
"396",2010-01-31,1538.04
"397",2010-02-01,1554.03
"398",2010-02-02,1551.17
"399",2010-02-03,1538.37
"400",2010-02-04,1529.1
"401",2010-02-05,1522.26
"402",2010-02-06,1533.79
"403",2010-02-07,1510.18
"404",2010-02-08,1526.91
"405",2010-02-09,1555.52
"406",2010-02-10,1581.49
"407",2010-02-11,1572.61
"408",2010-02-12,1572.69
"409",2010-02-13,1580.64
"410",2010-02-14,1593.35
"411",2010-02-15,1571.28
"412",2010-02-16,1575.59
"413",2010-02-17,1561.78
"414",2010-02-18,1572.68
"415",2010-02-19,1574.04
"416",2010-02-20,1590.33
"417",2010-02-21,1584.14
"418",2010-02-22,1605.91
"419",2010-02-23,1615.98
"420",2010-02-24,1643.83
"421",2010-02-25,1646.85
"422",2010-02-26,1639.12
"423",2010-02-27,1642.8
"424",2010-02-28,1659.07
"425",2010-03-01,1649.64
"426",2010-03-02,1674.93
"427",2010-03-03,1651.6
"428",2010-03-04,1656.35
"429",2010-03-05,1670.9
"430",2010-03-06,1683.3
"431",2010-03-07,1679.41
"432",2010-03-08,1658.09
"433",2010-03-09,1652.92
"434",2010-03-10,1661.96
"435",2010-03-11,1680.02
"436",2010-03-12,1691.37
"437",2010-03-13,1701.46
"438",2010-03-14,1690.48
"439",2010-03-15,1685.46
"440",2010-03-16,1686.15
"441",2010-03-17,1702.27
"442",2010-03-18,1711.91
"443",2010-03-19,1714.48
"444",2010-03-20,1708.65
"445",2010-03-21,1688.74
"446",2010-03-22,1705.05
"447",2010-03-23,1700.28
"448",2010-03-24,1689.71
"449",2010-03-25,1696.38
"450",2010-03-26,1686.57
"451",2010-03-27,1656.59
"452",2010-03-28,1653.2
"453",2010-03-29,1666.72
"454",2010-03-30,1663.27
"455",2010-03-31,1667.26
"456",2010-04-01,1675.18
"457",2010-04-02,1686.64
"458",2010-04-03,1676.84
"459",2010-04-04,1670.04
"460",2010-04-05,1657.06
"461",2010-04-06,1658.36
"462",2010-04-07,1667.64
"463",2010-04-08,1654.6
"464",2010-04-09,1658.13
"465",2010-04-10,1658.13
"466",2010-04-11,1658.13
"467",2010-04-12,1671.54
"468",2010-04-13,1674.95
"469",2010-04-14,1674.67
"470",2010-04-15,1678.65
"471",2010-04-16,1687.14
"472",2010-04-17,1680.06
"473",2010-04-18,1666.49
"474",2010-04-19,1680.01
"475",2010-04-20,1656.03
"476",2010-04-21,1643.53
"477",2010-04-22,1636.59
"478",2010-04-23,1630.88
"479",2010-04-24,1618.6
"480",2010-04-25,1626.83
"481",2010-04-26,1632
"482",2010-04-27,1619.92
"483",2010-04-28,1628.88
"484",2010-04-29,1617.74
"485",2010-04-30,1607.7
"486",2010-05-01,1616.45
"487",2010-05-02,1613.46
"488",2010-05-03,1632.99
"489",2010-05-04,1636.02
"490",2010-05-05,1632.35
"491",2010-05-06,1630.37
"492",2010-05-07,1619.26
"493",2010-05-08,1606.64
"494",2010-05-09,1606.64
"495",2010-05-10,1613.98
"496",2010-05-11,1608.58
"497",2010-05-12,1623.05
"498",2010-05-13,1617.18
"499",2010-05-14,1633.18
"500",2010-05-15,1627.21
"501",2010-05-16,1627.21
"502",2010-05-17,1625.59
"503",2010-05-18,1628.53
"504",2010-05-19,1630.56
"505",2010-05-20,1638.47
"506",2010-05-21,1660.88
"507",2010-05-22,1662.28
"508",2010-05-23,1679.69
"509",2010-05-24,1679.69
"510",2010-05-25,1685.85
"511",2010-05-26,1686.44
"512",2010-05-27,1684.57
"513",2010-05-28,1689.93
"514",2010-05-29,1681.47
"515",2010-05-30,1687.14
"516",2010-05-31,1697.26
"517",2010-06-01,1698.33
"518",2010-06-02,1690.96
"519",2010-06-03,1692.16
"520",2010-06-04,1699.52
"521",2010-06-05,1712.33
"522",2010-06-06,1703.05
"523",2010-06-07,1700.93
"524",2010-06-08,1698.36
"525",2010-06-09,1697.39
"526",2010-06-10,1694.83
"527",2010-06-11,1705.66
"528",2010-06-12,1739.48
"529",2010-06-13,1798.63
"530",2010-06-14,1798.36
"531",2010-06-15,1808.74
"532",2010-06-16,1806.52
"533",2010-06-17,1815.63
"534",2010-06-18,1807.12
"535",2010-06-19,1829.36
"536",2010-06-20,1835.09
"537",2010-06-21,1826.45
"538",2010-06-22,1821.28
"539",2010-06-23,1828.53
"540",2010-06-24,1830.61
"541",2010-06-25,1859.49
"542",2010-06-26,1846.02
"543",2010-06-27,1832.2
"544",2010-06-28,1823.4
"545",2010-06-29,1823.07
"546",2010-06-30,1818.1
"547",2010-07-01,1857.36
"548",2010-07-02,1861.22
"549",2010-07-03,1870.8
"550",2010-07-04,1878.94
"551",2010-07-05,1870.24
"552",2010-07-06,1864.51
"553",2010-07-07,1894.56
"554",2010-07-08,1908.69
"555",2010-07-09,1917.69
"556",2010-07-10,1903.44
"557",2010-07-11,1918.75
"558",2010-07-12,1930.29
"559",2010-07-13,1937.77
"560",2010-07-14,1909.53
"561",2010-07-15,1893.48
"562",2010-07-16,1907.65
"563",2010-07-17,1915.59
"564",2010-07-18,1890.58
"565",2010-07-19,1909.54
"566",2010-07-20,1929.56
"567",2010-07-21,1931.88
"568",2010-07-22,1923.67
"569",2010-07-23,1928.63
"570",2010-07-24,1920.43
"571",2010-07-25,1911.15
"572",2010-07-26,1878.77
"573",2010-07-27,1870.32
"574",2010-07-28,1870.46
"575",2010-07-29,1868.28
"576",2010-07-30,1874.38
"577",2010-07-31,1869.25
"578",2010-08-01,1852.81
"579",2010-08-02,1862.62
"580",2010-08-03,1884.67
"581",2010-08-04,1922.69
"582",2010-08-05,1922.05
"583",2010-08-06,1899.54
"584",2010-08-07,1902.14
"585",2010-08-08,1890.18
"586",2010-08-09,1914.4
"587",2010-08-10,1915.61
"588",2010-08-11,1908.97
"589",2010-08-12,1910.23
"590",2010-08-13,1920.46
"591",2010-08-14,1934.99
"592",2010-08-15,1973.45
"593",2010-08-16,1994.09
"594",2010-08-17,1991.95
"595",2010-08-18,2015.71
"596",2010-08-19,2009.28
"597",2010-08-20,2004.11
"598",2010-08-21,1999.6
"599",2010-08-22,1995.35
"600",2010-08-23,2023.26
"601",2010-08-24,2032.25
"602",2010-08-25,2036.93
"603",2010-08-26,2029.87
"604",2010-08-27,2048.05
"605",2010-08-28,2083.62
"606",2010-08-29,2061.18
"607",2010-08-30,2048.75
"608",2010-08-31,2040.97
"609",2010-09-01,2053.66
"610",2010-09-02,2064.98
"611",2010-09-03,2068.51
"612",2010-09-04,2086.4
"613",2010-09-05,2086.22
"614",2010-09-06,2057.1
"615",2010-09-07,2013.65
"616",2010-09-08,2007.5
"617",2010-09-09,2040.74
"618",2010-09-10,2020.11
"619",2010-09-11,2021.81
"620",2010-09-12,2023.06
"621",2010-09-13,2047.2
"622",2010-09-14,2070.17
"623",2010-09-15,2070.17
"624",2010-09-16,2075.99
"625",2010-09-17,2072.13
"626",2010-09-18,2020.36
"627",2010-09-19,2027.99
"628",2010-09-20,2036.45
"629",2010-09-21,2057.8
"630",2010-09-22,2045.25
"631",2010-09-23,2052.09
"632",2010-09-24,2052.92
"633",2010-09-25,2089.77
"634",2010-09-26,2099.76
"635",2010-09-27,2128.3
"636",2010-09-28,2118.01
"637",2010-09-29,2127.39
"638",2010-09-30,2165.95
"639",2010-10-01,2166.58
"640",2010-10-02,2165.5
"641",2010-10-03,2163.83
"642",2010-10-04,2128.07
"643",2010-10-05,2129.52
"644",2010-10-06,2144.03
"645",2010-10-07,2154.76
"646",2010-10-08,2188.18
"647",2010-10-09,2183.78
"648",2010-10-10,2209.17
"649",2010-10-11,2227.63
"650",2010-10-12,2227.63
"651",2010-10-13,2266.7
"652",2010-10-14,2236.91
"653",2010-10-15,2229.62
"654",2010-10-16,2255.29
"655",2010-10-17,2255.29
"656",2010-10-18,2274.62
"657",2010-10-19,2249.85
"658",2010-10-20,2233.61
"659",2010-10-21,2220.63
"660",2010-10-22,2224.95
"661",2010-10-23,2225
"662",2010-10-24,2228.1
"663",2010-10-25,2182.06
"664",2010-10-26,2142.37
"665",2010-10-27,2151.05
"666",2010-10-28,2115.56
"667",2010-10-29,2130.35
"668",2010-10-30,2132.52
"669",2010-10-31,2098.36
"670",2010-11-01,2073.94
"671",2010-11-02,2107.29
"672",2010-11-03,2090.78
"673",2010-11-04,2128.66
"674",2010-11-05,2123.31
"675",2010-11-06,2156.61
"676",2010-11-07,2192.6
"677",2010-11-08,2181.88
"678",2010-11-09,2184.05
"679",2010-11-10,2137.08
"680",2010-11-11,2143.9
"681",2010-11-12,2095.11
"682",2010-11-13,2099.57
"683",2010-11-14,2116.43
"684",2010-11-15,2119.69
"685",2010-11-16,2108.77
"686",2010-11-17,2101.93
"687",2010-11-18,2130.71
"688",2010-11-19,2135.25
"689",2010-11-20,2162.29
"690",2010-11-21,2133.85
"691",2010-11-22,2108.06
"692",2010-11-23,2113.64
"693",2010-11-24,2140.25
"694",2010-11-25,2082.9
"695",2010-11-26,2075.33
"696",2010-11-27,2103.24
"697",2010-11-28,2057.2
"698",2010-11-29,2018.69
"699",2010-11-30,2044.45
"700",2010-12-01,2076.76
"701",2010-12-02,2132.12
"702",2010-12-03,2125.47
"703",2010-12-04,2118.01
"704",2010-12-05,2124.51
"705",2010-12-06,2101.89
"706",2010-12-07,2169.4
"707",2010-12-08,2178.91
"708",2010-12-09,2168.11
"709",2010-12-10,2160.45
"710",2010-12-11,2140.39
"711",2010-12-12,2130.55
"712",2010-12-13,2141.7
"713",2010-12-14,2162.96
"714",2010-12-15,2144.36
"715",2010-12-16,2144
"716",2010-12-17,2167.72
"717",2010-12-18,2162.82
"718",2010-12-19,2151.84
"719",2010-12-20,2142.88
"720",2010-12-21,2142.88
"721",2010-12-22,2142.88
"722",2010-12-23,2177.09
"723",2010-12-24,2184.89
"724",2010-12-25,2202.57
"725",2010-12-26,2203.18
"726",2010-12-27,2224.85
"727",2010-12-28,2211.19
"728",2010-12-29,2215.19
"729",2010-12-30,2198.24
"730",2010-12-31,2211.92
"731",2011-01-01,2218.37
"732",2011-01-02,2193.89
"733",2011-01-03,2194.09
"734",2011-01-04,2194.41
"735",2011-01-05,2218.13
"736",2011-01-06,2208.68
"737",2011-01-07,2241.36
"738",2011-01-08,2256.98
"739",2011-01-09,2237.82
"740",2011-01-10,2252.51
"741",2011-01-11,2266.72
"742",2011-01-12,2261.71
"743",2011-01-13,2241.85
"744",2011-01-14,2249.78
"745",2011-01-15,2233.55
"746",2011-01-16,2218.77
"747",2011-01-17,2241.34
"748",2011-01-18,2248.02
"749",2011-01-19,2248.02
"750",2011-01-20,2257.33
"751",2011-01-21,2272.96
"752",2011-01-22,2268.11
"753",2011-01-23,2254.21
"754",2011-01-24,2245.79
"755",2011-01-25,2238.97
"756",2011-01-26,2238.97
"757",2011-01-27,2188.01
"758",2011-01-28,2137.56
"759",2011-01-29,2146
"760",2011-01-30,2112.8
"761",2011-01-31,2129.76
"762",2011-02-01,2137.34
"763",2011-02-02,2113.62
"764",2011-02-03,2120.23
"765",2011-02-04,2158.88
"766",2011-02-05,2163.59
"767",2011-02-06,2131.8
"768",2011-02-07,2143.93
"769",2011-02-08,2131.14
"770",2011-02-09,2143.58
"771",2011-02-10,2084.42
"772",2011-02-11,2088.44
"773",2011-02-12,2073.21
"774",2011-02-13,2047.29
"775",2011-02-14,2031.8
"776",2011-02-15,1986.42
"777",2011-02-16,1957.08
"778",2011-02-17,2004.93
"779",2011-02-18,2032.52
"780",2011-02-19,2005.07
"781",2011-02-20,2000.48
"782",2011-02-21,2022.25
"783",2011-02-22,2042.45
"784",2011-02-23,2020.85
"785",2011-02-24,2040.69
"786",2011-02-25,2061.7
"787",2011-02-26,2034.64
"788",2011-02-27,2031.33
"789",2011-02-28,2049.1
"790",2011-03-01,2047.83
"791",2011-03-02,2069.46
"792",2011-03-03,2048.57
"793",2011-03-04,2051.25
"794",2011-03-05,2070.71
"795",2011-03-06,2103.54
"796",2011-03-07,2116.96
"797",2011-03-08,2129.86
"798",2011-03-09,2120.97
"799",2011-03-10,2126.75
"800",2011-03-11,2148.23
"801",2011-03-12,2144.21
"802",2011-03-13,2163.32
"803",2011-03-14,2135.93
"804",2011-03-15,2134.12
"805",2011-03-16,2152.19
"806",2011-03-17,2161.5
"807",2011-03-18,2193.63
"808",2011-03-19,2190.83
"809",2011-03-20,2176.66
"810",2011-03-21,2188.81
"811",2011-03-22,2182.32
"812",2011-03-23,2160.56
"813",2011-03-24,2166.51
"814",2011-03-25,2156.31
"815",2011-03-26,2133.74
"816",2011-03-27,2134.34
"817",2011-03-28,2152.65
"818",2011-03-29,2166.56
"819",2011-03-30,2151.44
"820",2011-03-31,2143.84
"821",2011-04-01,2113.37
"822",2011-04-02,2121.25
"823",2011-04-03,2132.98
"824",2011-04-04,2153.48
"825",2011-04-05,2190.58
"826",2011-04-06,2215.72
"827",2011-04-07,2205.82
"828",2011-04-08,2207.09
"829",2011-04-09,2185.78
"830",2011-04-10,2197.38
"831",2011-04-11,2173.6
"832",2011-04-12,2158.07
"833",2011-04-13,2167.68
"834",2011-04-14,2178.1
"835",2011-04-15,2155.58
"836",2011-04-16,2155.81
"837",2011-04-17,2157.15
"838",2011-04-18,2118.17
"839",2011-04-19,2129.36
"840",2011-04-20,2097.45
"841",2011-04-21,2100.55
"842",2011-04-22,2059.15
"843",2011-04-23,2067.17
"844",2011-04-24,2072.81
"845",2011-04-25,2097.33
"846",2011-04-26,2057.83
"847",2011-04-27,2056.89
"848",2011-04-28,2070.36
"849",2011-04-29,2016.08
"850",2011-04-30,2002.3
"851",2011-05-01,2002.3
"852",2011-05-02,1988.67
"853",2011-05-03,1946.49
"854",2011-05-04,1965.41
"855",2011-05-05,1977.67
"856",2011-05-06,2048.56
"857",2011-05-07,2087.71
"858",2011-05-08,2072.68
"859",2011-05-09,2108.08
"860",2011-05-10,2118.52
"861",2011-05-11,2095.58
"862",2011-05-12,2069.58
"863",2011-05-13,2055.94
"864",2011-05-14,2048.15
"865",2011-05-15,2016.6
"866",2011-05-16,2022.64
"867",2011-05-17,1995.85
"868",2011-05-18,2009.45
"869",2011-05-19,2026.37
"870",2011-05-20,2064.86
"871",2011-05-21,2061.58
"872",2011-05-22,2066.18
"873",2011-05-23,2039.91
"874",2011-05-24,2061.37
"875",2011-05-25,2069.39
"876",2011-05-26,2043.3
"877",2011-05-27,2056.36
"878",2011-05-28,2090.78
"879",2011-05-29,2098.04
"880",2011-05-30,2073.67
"881",2011-05-31,2091.04
"882",2011-06-01,2112.21
"883",2011-06-02,2112.21
"884",2011-06-03,2091.94
"885",2011-06-04,2089.48
"886",2011-06-05,2097.2
"887",2011-06-06,2073.29
"888",2011-06-07,2040.05
"889",2011-06-08,2058.79
"890",2011-06-09,2056.27
"891",2011-06-10,2050.82
"892",2011-06-11,2036.24
"893",2011-06-12,2057.08
"894",2011-06-13,2045.54
"895",2011-06-14,2042.38
"896",2011-06-15,2067.26
"897",2011-06-16,2046.99
"898",2011-06-17,2044.04
"899",2011-06-18,2041.85
"900",2011-06-19,2024.19
"901",2011-06-20,2003.64
"902",2011-06-21,2019.13
"903",2011-06-22,2040.94
"904",2011-06-23,2054.23
"905",2011-06-24,2069.9
"906",2011-06-25,2066.59
"907",2011-06-26,2080.16
"908",2011-06-27,2095.5
"909",2011-06-28,2102.25
"910",2011-06-29,2100.98
"911",2011-06-30,2100.98
"912",2011-07-01,2110.77
"913",2011-07-02,2097.34
"914",2011-07-03,2074.68
"915",2011-07-04,2097.51
"916",2011-07-05,2079.19
"917",2011-07-06,2068.92
"918",2011-07-07,2072.9
"919",2011-07-08,2051.46
"920",2011-07-09,2058.2
"921",2011-07-10,2053.41
"922",2011-07-11,2062.08
"923",2011-07-12,2061.76
"924",2011-07-13,2059.68
"925",2011-07-14,2064.14
"926",2011-07-15,2088.25
"927",2011-07-16,2081.39
"928",2011-07-17,2085.62
"929",2011-07-18,2079.6
"930",2011-07-19,2050.86
"931",2011-07-20,2013.03
"932",2011-07-21,2027.67
"933",2011-07-22,2026.97
"934",2011-07-23,2040.79
"935",2011-07-24,2030.56
"936",2011-07-25,2026.68
"937",2011-07-26,2024.82
"938",2011-07-27,2047.44
"939",2011-07-28,2038.46
"940",2011-07-29,2077.94
"941",2011-07-30,2085.08
"942",2011-07-31,2093.01
"943",2011-08-01,2087.78
"944",2011-08-02,2117.8
"945",2011-08-03,2127.56
"946",2011-08-04,2118.96
"947",2011-08-05,2128.33
"948",2011-08-06,2135.49
"949",2011-08-07,2112.06
"950",2011-08-08,2119.29
"951",2011-08-09,2101.98
"952",2011-08-10,2101.82
"953",2011-08-11,2096.26
"954",2011-08-12,2126.44
"955",2011-08-13,2117.59
"956",2011-08-14,2106.05
"957",2011-08-15,2097.85
"958",2011-08-16,2127.21
"959",2011-08-17,2116.64
"960",2011-08-18,2094.16
"961",2011-08-19,2069.95
"962",2011-08-20,2041.26
"963",2011-08-21,2029.38
"964",2011-08-22,1989.2
"965",2011-08-23,2008.85
"966",2011-08-24,1974.14
"967",2011-08-25,2022.5
"968",2011-08-26,1995.22
"969",2011-08-27,2016.15
"970",2011-08-28,1979.52
"971",2011-08-29,1984.99
"972",2011-08-30,1984.15
"973",2011-08-31,1978.07
"974",2011-09-01,1935.08
"975",2011-09-02,1935.87
"976",2011-09-03,1928.82
"977",2011-09-04,1911.7
"978",2011-09-05,1918.85
"979",2011-09-06,1949.76
"980",2011-09-07,1914.69
"981",2011-09-08,1934.96
"982",2011-09-09,1965.68
"983",2011-09-10,1972.59
"984",2011-09-11,1976.52
"985",2011-09-12,1978.71
"986",2011-09-13,1980.81
"987",2011-09-14,1979.26
"988",2011-09-15,1991.08
"989",2011-09-16,1982.99
"990",2011-09-17,1982.99
"991",2011-09-18,1982.99
"992",2011-09-19,1954.62
"993",2011-09-20,1943.88
"994",2011-09-21,1955.33
"995",2011-09-22,1987.7
"996",2011-09-23,1978.97
"997",2011-09-24,2007.57
"998",2011-09-25,2028.52
"999",2011-09-26,2024.25
"1000",2011-09-27,2017.95
"1001",2011-09-28,2017.95
"1002",2011-09-29,2036.47
"1003",2011-09-30,2037.99
"1004",2011-10-01,2034.15
"1005",2011-10-02,2021.22
"1006",2011-10-03,2030.65
"1007",2011-10-04,2050.66
"1008",2011-10-05,2064.41
"1009",2011-10-06,2086.41
"1010",2011-10-07,2102.4
"1011",2011-10-08,2092
"1012",2011-10-09,2109.36
"1013",2011-10-10,2088.99
"1014",2011-10-11,2083.8
"1015",2011-10-12,2064.42
"1016",2011-10-13,2096.87
"1017",2011-10-14,2083.55
"1018",2011-10-15,2105.88
"1019",2011-10-16,2105.88
"1020",2011-10-17,2065.71
"1021",2011-10-18,2069.26
"1022",2011-10-19,2081.46
"1023",2011-10-20,2099.95
"1024",2011-10-21,2119.24
"1025",2011-10-22,2132.72
"1026",2011-10-23,2132.72
"1027",2011-10-24,2154.17
"1028",2011-10-25,2136.72
"1029",2011-10-26,2137.21
"1030",2011-10-27,2107.16
"1031",2011-10-28,2127.79
"1032",2011-10-29,2124.25
"1033",2011-10-30,2124.84
"1034",2011-10-31,2130.78
"1035",2011-11-01,2125.06
"1036",2011-11-02,2154.13
"1037",2011-11-03,2140.36
"1038",2011-11-04,2144.88
"1039",2011-11-05,2144.88
"1040",2011-11-06,2144.88
"1041",2011-11-07,2137.36
"1042",2011-11-08,2128.99
"1043",2011-11-09,2091.3
"1044",2011-11-10,2094.68
"1045",2011-11-11,2089.04
"1046",2011-11-12,2099.68
"1047",2011-11-13,2110.13
"1048",2011-11-14,2117.63
"1049",2011-11-15,2111.35
"1050",2011-11-16,2163.37
"1051",2011-11-17,2184.39
"1052",2011-11-18,2194.15
"1053",2011-11-19,2200.32
"1054",2011-11-20,2193.72
"1055",2011-11-21,2191.25
"1056",2011-11-22,2201.36
"1057",2011-11-23,2183.71
"1058",2011-11-24,2195.31
"1059",2011-11-25,2183.52
"1060",2011-11-26,2196.54
"1061",2011-11-27,2232.02
"1062",2011-11-28,2232.23
"1063",2011-11-29,2237.73
"1064",2011-11-30,2239.36
"1065",2011-12-01,2217.91
"1066",2011-12-02,2222.51
"1067",2011-12-03,2211.26
"1068",2011-12-04,2249.6
"1069",2011-12-05,2234.86
"1070",2011-12-06,2236.68
"1071",2011-12-07,2244.56
"1072",2011-12-08,2236.89
"1073",2011-12-09,2222.28
"1074",2011-12-10,2236.72
"1075",2011-12-11,2228.44
"1076",2011-12-12,2208.41
"1077",2011-12-13,2236.73
"1078",2011-12-14,2251.64
"1079",2011-12-15,2253.93
"1080",2011-12-16,2265.86
"1081",2011-12-17,2269.6
"1082",2011-12-18,2258.97
"1083",2011-12-19,2262.66
"1084",2011-12-20,2253.91
"1085",2011-12-21,2257.34
"1086",2011-12-22,2240.31
"1087",2011-12-23,2230.27
"1088",2011-12-24,2251.3
"1089",2011-12-25,2234.23
"1090",2011-12-26,2242.76
"1091",2011-12-27,2263.08
"1092",2011-12-28,2266.57
"1093",2011-12-29,2266.37
"1094",2011-12-30,2263.27
"1095",2011-12-31,2266.77
"1096",2012-01-01,2268.26
"1097",2012-01-02,2266.07
"1098",2012-01-03,2300.72
"1099",2012-01-04,2300.29
"1100",2012-01-05,2305.58
"1101",2012-01-06,2289.49
"1102",2012-01-07,2306.66
"1103",2012-01-08,2294.15
"1104",2012-01-09,2275.72
"1105",2012-01-10,2204.44
"1106",2012-01-11,2212.97
"1107",2012-01-12,2232.02
"1108",2012-01-13,2190.9
"1109",2012-01-14,2184.24
"1110",2012-01-15,2201.27
"1111",2012-01-16,2197.01
"1112",2012-01-17,2197.01
"1113",2012-01-18,2211.6
"1114",2012-01-19,2191.54
"1115",2012-01-20,2176.35
"1116",2012-01-21,2157.41
"1117",2012-01-22,2137.01
"1118",2012-01-23,2153.56
"1119",2012-01-24,2159.73
"1120",2012-01-25,2206.11
"1121",2012-01-26,2193.85
"1122",2012-01-27,2185.52
"1123",2012-01-28,2197.57
"1124",2012-01-29,2176.09
"1125",2012-01-30,2148.12
"1126",2012-01-31,2116.86
"1127",2012-02-01,2114.88
"1128",2012-02-02,2140.74
"1129",2012-02-03,2142.74
"1130",2012-02-04,2112.01
"1131",2012-02-05,2149.71
"1132",2012-02-06,2165.76
"1133",2012-02-07,2182.11
"1134",2012-02-08,2180.49
"1135",2012-02-09,2169.69
"1136",2012-02-10,2168.57
"1137",2012-02-11,2174.27
"1138",2012-02-12,2184.05
"1139",2012-02-13,2182.47
"1140",2012-02-14,2174.78
"1141",2012-02-15,2195.15
"1142",2012-02-16,2197.34
"1143",2012-02-17,2196.64
"1144",2012-02-18,2199.29
"1145",2012-02-19,2196.59
"1146",2012-02-20,2204.01
"1147",2012-02-21,2201.9
"1148",2012-02-22,2194.53
"1149",2012-02-23,2197.26
"1150",2012-02-24,2210.92
"1151",2012-02-25,2247.97
"1152",2012-02-26,2242.91
"1153",2012-02-27,2249.75
"1154",2012-02-28,2254.95
"1155",2012-02-29,2266.56
"1156",2012-03-01,2261.08
"1157",2012-03-02,2269.34
"1158",2012-03-03,2274.94
"1159",2012-03-04,2260.62
"1160",2012-03-05,2277.7
"1161",2012-03-06,2277.7
"1162",2012-03-07,2278.64
"1163",2012-03-08,2283.26
"1164",2012-03-09,2286.21
"1165",2012-03-10,2283.84
"1166",2012-03-11,2240.24
"1167",2012-03-12,2241.43
"1168",2012-03-13,2268.07
"1169",2012-03-14,2268.35
"1170",2012-03-15,2280.81
"1171",2012-03-16,2280.81
"1172",2012-03-17,2280.81
"1173",2012-03-18,2280.44
"1174",2012-03-19,2273.9
"1175",2012-03-20,2260.69
"1176",2012-03-21,2260.69
"1177",2012-03-22,2307.7
"1178",2012-03-23,2326.18
"1179",2012-03-24,2332.81
"1180",2012-03-25,2315.66
"1181",2012-03-26,2336.76
"1182",2012-03-27,2351.47
"1183",2012-03-28,2340.31
"1184",2012-03-29,2330.98
"1185",2012-03-30,2353.89
"1186",2012-03-31,2361.38
"1187",2012-04-01,2379.43
"1188",2012-04-02,2375.63
"1189",2012-04-03,2389.62
"1190",2012-04-04,2400.58
"1191",2012-04-05,2391.74
"1192",2012-04-06,2393.12
"1193",2012-04-07,2436.68
"1194",2012-04-08,2437.02
"1195",2012-04-09,2449.71
"1196",2012-04-10,2437.7
"1197",2012-04-11,2456.09
"1198",2012-04-12,2463
"1199",2012-04-13,2472.53
"1200",2012-04-14,2459.81
"1201",2012-04-15,2416.84
"1202",2012-04-16,2437.98
"1203",2012-04-17,2442.43
"1204",2012-04-18,2411.49
"1205",2012-04-19,2435.07
"1206",2012-04-20,2428.59
"1207",2012-04-21,2436.09
"1208",2012-04-22,2427.77
"1209",2012-04-23,2426.51
"1210",2012-04-24,2423.6
"1211",2012-04-25,2387.6
"1212",2012-04-26,2373.01
"1213",2012-04-27,2401.59
"1214",2012-04-28,2421.93
"1215",2012-04-29,2449.52
"1216",2012-04-30,2438.73
"1217",2012-05-01,2449.09
"1218",2012-05-02,2486.95
"1219",2012-05-03,2485.18
"1220",2012-05-04,2488.85
"1221",2012-05-05,2486.83
"1222",2012-05-06,2472.52
"1223",2012-05-07,2471.38
"1224",2012-05-08,2479.38
"1225",2012-05-09,2448.8
"1226",2012-05-10,2419.72
"1227",2012-05-11,2415.29
"1228",2012-05-12,2417
"1229",2012-05-13,2432.46
"1230",2012-05-14,2458
"1231",2012-05-15,2472.55
"1232",2012-05-16,2484.74
"1233",2012-05-17,2491.73
"1234",2012-05-18,2505.32
"1235",2012-05-19,2479.84
"1236",2012-05-20,2514.8
"1237",2012-05-21,2505.78
"1238",2012-05-22,2523.81
"1239",2012-05-23,2502.94
"1240",2012-05-24,2489.35
"1241",2012-05-25,2500.75
"1242",2012-05-26,2508.11
"1243",2012-05-27,2489.52
"1244",2012-05-28,2498.75
"1245",2012-05-29,2498.75
"1246",2012-05-30,2498.75
"1247",2012-05-31,2510.81
"1248",2012-06-01,2525.59
"1249",2012-06-02,2508.12
"1250",2012-06-03,2526.74
"1251",2012-06-04,2540.79
"1252",2012-06-05,2547.32
"1253",2012-06-06,2519.82
"1254",2012-06-07,2524.18
"1255",2012-06-08,2535.86
"1256",2012-06-09,2549.27
"1257",2012-06-10,2549.12
"1258",2012-06-11,2524.84
"1259",2012-06-12,2538.68
"1260",2012-06-13,2539.88
"1261",2012-06-14,2505.97
"1262",2012-06-15,2492.63
"1263",2012-06-16,2492.63
"1264",2012-06-17,2465.49
"1265",2012-06-18,2472.43
"1266",2012-06-19,2473.52
"1267",2012-06-20,2476.79
"1268",2012-06-21,2466.21
"1269",2012-06-22,2470.57
"1270",2012-06-23,2499.02
"1271",2012-06-24,2496.33
"1272",2012-06-25,2528.2
"1273",2012-06-26,2534.4
"1274",2012-06-27,2534.4
"1275",2012-06-28,2552.29
"1276",2012-06-29,2541.98
"1277",2012-06-30,2564.12
"1278",2012-07-01,2548.79
"1279",2012-07-02,2546.55
"1280",2012-07-03,2549.53
"1281",2012-07-04,2549.53
"1282",2012-07-05,2559.15
"1283",2012-07-06,2548.53
"1284",2012-07-07,2535.78
"1285",2012-07-08,2523.81
"1286",2012-07-09,2543.99
"1287",2012-07-10,2550.42
"1288",2012-07-11,2551.03
"1289",2012-07-12,2559.02
"1290",2012-07-13,2536.03
"1291",2012-07-14,2552.96
"1292",2012-07-15,2571.1
"1293",2012-07-16,2569.9
"1294",2012-07-17,2566.13
"1295",2012-07-18,2544.9
"1296",2012-07-19,2549.71
"1297",2012-07-20,2554.12
"1298",2012-07-21,2546.04
"1299",2012-07-22,2532.22
"1300",2012-07-23,2547.78
"1301",2012-07-24,2562.19
"1302",2012-07-25,2578.36
"1303",2012-07-26,2572.06
"1304",2012-07-27,2551.8
"1305",2012-07-28,2570.44
"1306",2012-07-29,2573.44
"1307",2012-07-30,2565.32
"1308",2012-07-31,2566.32
"1309",2012-08-01,2578.74
"1310",2012-08-02,2568.79
"1311",2012-08-03,2561.51
"1312",2012-08-04,2562.24
"1313",2012-08-05,2573
"1314",2012-08-06,2561.95
"1315",2012-08-07,2548.97
"1316",2012-08-08,2529.5
"1317",2012-08-09,2475.98
"1318",2012-08-10,2497.69
"1319",2012-08-11,2505.56
"1320",2012-08-12,2498.35
"1321",2012-08-13,2468.32
"1322",2012-08-14,2488.82
"1323",2012-08-15,2459.13
"1324",2012-08-16,2464.51
"1325",2012-08-17,2469.51
"1326",2012-08-18,2472.25
"1327",2012-08-19,2466.84
"1328",2012-08-20,2491.5
"1329",2012-08-21,2504.16
"1330",2012-08-22,2520.26
"1331",2012-08-23,2520.52
"1332",2012-08-24,2527.73
"1333",2012-08-25,2541.41
"1334",2012-08-26,2534.63
"1335",2012-08-27,2532.96
"1336",2012-08-28,2529.14
"1337",2012-08-29,2545.65
"1338",2012-08-30,2544.61
"1339",2012-08-31,2542.75
"1340",2012-09-01,2567.96
"1341",2012-09-02,2556.25
"1342",2012-09-03,2562.12
"1343",2012-09-04,2534.44
"1344",2012-09-05,2559.42
"1345",2012-09-06,2562.12
"1346",2012-09-07,2554.42
"1347",2012-09-08,2563.59
"1348",2012-09-09,2556.64
"1349",2012-09-10,2548.84
"1350",2012-09-11,2534.49
"1351",2012-09-12,2538.34
"1352",2012-09-13,2528.73
"1353",2012-09-14,2526.18
"1354",2012-09-15,2532.55
"1355",2012-09-16,2542.74
"1356",2012-09-17,2549.71
"1357",2012-09-18,2568.77
"1358",2012-09-19,2568.7
"1359",2012-09-20,2588.04
"1360",2012-09-21,2614.5
"1361",2012-09-22,2630.24
"1362",2012-09-23,2626.43
"1363",2012-09-24,2621.2
"1364",2012-09-25,2625.46
"1365",2012-09-26,2641.5
"1366",2012-09-27,2624.18
"1367",2012-09-28,2643.42
"1368",2012-09-29,2663.1
"1369",2012-09-30,2664.96
"1370",2012-10-01,2659.86
"1371",2012-10-02,2655.49
"1372",2012-10-03,2654.34
"1373",2012-10-04,2685.29
"1374",2012-10-05,2685.29
"1375",2012-10-06,2704.25
"1376",2012-10-07,2705.21
"1377",2012-10-08,2702.6
"1378",2012-10-09,2685.23
"1379",2012-10-10,2683.52
"1380",2012-10-11,2692.69
"1381",2012-10-12,2700.83
"1382",2012-10-13,2718.73
"1383",2012-10-14,2705.06
"1384",2012-10-15,2717.5
"1385",2012-10-16,2727.56
"1386",2012-10-17,2733.67
"1387",2012-10-18,2721.74
"1388",2012-10-19,2678.89
"1389",2012-10-20,2681.94
"1390",2012-10-21,2690.79
"1391",2012-10-22,2703.33
"1392",2012-10-23,2675.5
"1393",2012-10-24,2664.72
"1394",2012-10-25,2671.4
"1395",2012-10-26,2670.19
"1396",2012-10-27,2678.73
"1397",2012-10-28,2716.16
"1398",2012-10-29,2735.28
"1399",2012-10-30,2724.25
"1400",2012-10-31,2732.29
"1401",2012-11-01,2730.44
"1402",2012-11-02,2764
"1403",2012-11-03,2770.61
"1404",2012-11-04,2784.39
"1405",2012-11-05,2800.6
"1406",2012-11-06,2768.68
"1407",2012-11-07,2781.54
"1408",2012-11-08,2766.08
"1409",2012-11-09,2765.29
"1410",2012-11-10,2769.47
"1411",2012-11-11,2800.52
"1412",2012-11-12,2808.62
"1413",2012-11-13,2793.86
"1414",2012-11-14,2829.68
"1415",2012-11-15,2848.84
"1416",2012-11-16,2853.46
"1417",2012-11-17,2900.76
"1418",2012-11-18,2880.89
"1419",2012-11-19,2894.43
"1420",2012-11-20,2832.53
"1421",2012-11-21,2870.3
"1422",2012-11-22,2890.95
"1423",2012-11-23,2836.36
"1424",2012-11-24,2846.94
"1425",2012-11-25,2815.77
"1426",2012-11-26,2841.16
"1427",2012-11-27,2808.5
"1428",2012-11-28,2814.23
"1429",2012-11-29,2824.83
"1430",2012-11-30,2835.54
"1431",2012-12-01,2844.09
"1432",2012-12-02,2844.09
"1433",2012-12-03,2844.09
"1434",2012-12-04,2844.09
"1435",2012-12-05,2859.22
"1436",2012-12-06,2880.07
"1437",2012-12-07,2880.07
"1438",2012-12-08,2880.07
"1439",2012-12-09,2820.81
"1440",2012-12-10,2863.26
"1441",2012-12-11,2890.2
"1442",2012-12-12,2876.34
"1443",2012-12-13,2904.08
"1444",2012-12-14,2936.69
"1445",2012-12-15,2915.81
"1446",2012-12-16,2956.78
"1447",2012-12-17,2978.84
"1448",2012-12-18,2976.56
"1449",2012-12-19,2996.12
"1450",2012-12-20,3006.87
"1451",2012-12-21,2999.19
"1452",2012-12-22,3000.66
"1453",2012-12-23,3026.63
"1454",2012-12-24,3037.28
"1455",2012-12-25,2982.63
"1456",2012-12-26,2992.55
"1457",2012-12-27,3028.27
"1458",2012-12-28,2997.95
"1459",2012-12-29,3018.58
"1460",2012-12-30,3037.7
"1461",2012-12-31,3064.7
"1462",2013-01-01,3067.48
"1463",2013-01-02,3114.73
"1464",2013-01-03,3124.78
"1465",2013-01-04,3161.36
"1466",2013-01-05,3185.72
"1467",2013-01-06,3191.45
"1468",2013-01-07,3211.01
"1469",2013-01-08,3256.86
"1470",2013-01-09,3249.17
"1471",2013-01-10,3260.3
"1472",2013-01-11,3230.83
"1473",2013-01-12,3209.04
"1474",2013-01-13,3197.09
"1475",2013-01-14,3203.79
"1476",2013-01-15,3180.63
"1477",2013-01-16,3233.34
"1478",2013-01-17,3245.02
"1479",2013-01-18,3272.58
"1480",2013-01-19,3261.04
"1481",2013-01-20,3258.74
"1482",2013-01-21,3345.09
"1483",2013-01-22,3375.45
"1484",2013-01-23,3396.55
"1485",2013-01-24,3419.51
"1486",2013-01-25,3426.77
"1487",2013-01-26,3430.95
"1488",2013-01-27,3382.4
"1489",2013-01-28,3367.82
"1490",2013-01-29,3404.29
"1491",2013-01-30,3337.11
"1492",2013-01-31,3289.59
"1493",2013-02-01,3305.72
"1494",2013-02-02,3247.03
"1495",2013-02-03,3288.52
"1496",2013-02-04,3302.57
"1497",2013-02-05,3374.93
"1498",2013-02-06,3439.22
"1499",2013-02-07,3407.83
"1500",2013-02-08,3407.83
"1501",2013-02-09,3407.83
"1502",2013-02-10,3281.46
"1503",2013-02-11,3210.94
"1504",2013-02-12,3212.82
"1505",2013-02-13,3235.35
"1506",2013-02-14,3342.77
"1507",2013-02-15,3328.13
"1508",2013-02-16,3364.76
"1509",2013-02-17,3352.58
"1510",2013-02-18,3319.24
"1511",2013-02-19,3297.52
"1512",2013-02-20,3369.26
"1513",2013-02-21,3347.54
"1514",2013-02-22,3361.8
"1515",2013-02-23,3361.2
"1516",2013-02-24,3328.41
"1517",2013-02-25,3348.9
"1518",2013-02-26,3366.87
"1519",2013-02-27,3396.49
"1520",2013-02-28,3357.57
"1521",2013-03-01,3372.96
"1522",2013-03-02,3425.86
"1523",2013-03-03,3438.09
"1524",2013-03-04,3438.09
"1525",2013-03-05,3491.08
"1526",2013-03-06,3565.69
"1527",2013-03-07,3548.52
"1528",2013-03-08,3537.45
"1529",2013-03-09,3537.45
"1530",2013-03-10,3533.21
"1531",2013-03-11,3593.14
"1532",2013-03-12,3559.29
"1533",2013-03-13,3588.57
"1534",2013-03-14,3564.85
"1535",2013-03-15,3569.26
"1536",2013-03-16,3569.26
"1537",2013-03-17,3516.2
"1538",2013-03-18,3600.4
"1539",2013-03-19,3575.44
"1540",2013-03-20,3621.72
"1541",2013-03-21,3669.31
"1542",2013-03-22,3665.43
"1543",2013-03-23,3626.6
"1544",2013-03-24,3635.38
"1545",2013-03-25,3562.73
"1546",2013-03-26,3596.4
"1547",2013-03-27,3655.59
"1548",2013-03-28,3651.59
"1549",2013-03-29,3684.6
"1550",2013-03-30,3700.53
"1551",2013-03-31,3668.61
"1552",2013-04-01,3671.16
"1553",2013-04-02,3671.87
"1554",2013-04-03,3737.16
"1555",2013-04-04,3752.37
"1556",2013-04-05,3750.02
"1557",2013-04-06,3721.18
"1558",2013-04-07,3730.56
"1559",2013-04-08,3777.56
"1560",2013-04-09,3788.54
"1561",2013-04-10,3748.79
"1562",2013-04-11,3761.07
"1563",2013-04-12,3819.52
"1564",2013-04-13,3820.16
"1565",2013-04-14,3809.92
"1566",2013-04-15,3766.89
"1567",2013-04-16,3834.84
"1568",2013-04-17,3867.53
"1569",2013-04-18,3939.73
"1570",2013-04-19,3946.73
"1571",2013-04-20,4003.35
"1572",2013-04-21,4030.1
"1573",2013-04-22,4026.97
"1574",2013-04-23,4000.65
"1575",2013-04-24,4074.3
"1576",2013-04-25,4142.19
"1577",2013-04-26,4139.68
"1578",2013-04-27,4223.69
"1579",2013-04-28,4203.91
"1580",2013-04-29,4131.94
"1581",2013-04-30,4139.96
"1582",2013-05-01,4297.64
"1583",2013-05-02,4384.82
"1584",2013-05-03,4320.52
"1585",2013-05-04,4368.54
"1586",2013-05-05,4400.3
"1587",2013-05-06,4377.7
"1588",2013-05-07,4458.66
"1589",2013-05-08,4405.52
"1590",2013-05-09,4336.98
"1591",2013-05-10,4302.5
"1592",2013-05-11,4325.86
"1593",2013-05-12,4364.25
"1594",2013-05-13,4428.08
"1595",2013-05-14,4342.31
"1596",2013-05-15,4333.15
"1597",2013-05-16,4377.51
"1598",2013-05-17,4237.06
"1599",2013-05-18,4195.53
"1600",2013-05-19,4077.59
"1601",2013-05-20,4080.55
"1602",2013-05-21,4190.45
"1603",2013-05-22,4251.93
"1604",2013-05-23,4204.81
"1605",2013-05-24,4090.14
"1606",2013-05-25,4076.75
"1607",2013-05-26,3993.7
"1608",2013-05-27,3992.03
"1609",2013-05-28,3897.43
"1610",2013-05-29,3919.79
"1611",2013-05-30,4001.81
"1612",2013-05-31,4127.28
"1613",2013-06-01,4062.13
"1614",2013-06-02,4093.43
"1615",2013-06-03,4073.71
"1616",2013-06-04,4131.26
"1617",2013-06-05,4104.57
"1618",2013-06-06,4028
"1619",2013-06-07,3890.24
"1620",2013-06-08,3796.61
"1621",2013-06-09,3869.53
"1622",2013-06-10,3995.69
"1623",2013-06-11,3970.44
"1624",2013-06-12,4004.04
"1625",2013-06-13,3983.06
"1626",2013-06-14,4096.85
"1627",2013-06-15,4091.77
"1628",2013-06-16,4150.95
"1629",2013-06-17,4104.93
"1630",2013-06-18,4135.09
"1631",2013-06-19,4116.52
"1632",2013-06-20,4154.89
"1633",2013-06-21,4262.98
"1634",2013-06-22,4266.17
"1635",2013-06-23,4266.17
"1636",2013-06-24,4326.35
"1637",2013-06-25,4311.13
"1638",2013-06-26,4267.4
"1639",2013-06-27,4179.92
"1640",2013-06-28,4164.62
"1641",2013-06-29,4225.27
"1642",2013-06-30,4215.23
"1643",2013-07-01,4168.62
"1644",2013-07-02,4149.92
"1645",2013-07-03,4049.16
"1646",2013-07-04,4069.25
"1647",2013-07-05,4172.47
"1648",2013-07-06,4124.86
"1649",2013-07-07,3976.38
"1650",2013-07-08,3981.44
"1651",2013-07-09,3871.39
"1652",2013-07-10,3645.69
"1653",2013-07-11,3806.66
"1654",2013-07-12,3748.88
"1655",2013-07-13,3753.66
"1656",2013-07-14,3847.73
"1657",2013-07-15,3784.8
"1658",2013-07-16,3841.39
"1659",2013-07-17,3813.88
"1660",2013-07-18,3715.38
"1661",2013-07-19,3728.37
"1662",2013-07-20,3734.79
"1663",2013-07-21,3697.48
"1664",2013-07-22,3701.94
"1665",2013-07-23,3676.65
"1666",2013-07-24,3816.71
"1667",2013-07-25,3844.14
"1668",2013-07-26,3876.9
"1669",2013-07-27,3931.81
"1670",2013-07-28,3941.91
"1671",2013-07-29,3832.1
"1672",2013-07-30,3850.14
"1673",2013-07-31,3926.93
"1674",2013-08-01,3961.97
"1675",2013-08-02,3972.08
"1676",2013-08-03,4125.92
"1677",2013-08-04,4096.4
"1678",2013-08-05,4074.55
"1679",2013-08-06,4159.72
"1680",2013-08-07,4191.81
"1681",2013-08-08,4208.14
"1682",2013-08-09,4187.13
"1683",2013-08-10,4116.7
"1684",2013-08-11,4016.7
"1685",2013-08-12,4061.91
"1686",2013-08-13,4029.08
"1687",2013-08-14,4150.31
"1688",2013-08-15,4154.57
"1689",2013-08-16,4162.92
"1690",2013-08-17,4055.35
"1691",2013-08-18,4125.54
"1692",2013-08-19,4132.79
"1693",2013-08-20,4132.79
"1694",2013-08-21,4132.79
"1695",2013-08-22,4132.79
"1696",2013-08-23,4266.02
"1697",2013-08-24,4224.3
"1698",2013-08-25,4224.3
"1699",2013-08-26,4224.3
"1700",2013-08-27,4364.32
"1701",2013-08-28,4416.95
"1702",2013-08-29,4360.05
"1703",2013-08-30,4339.98
"1704",2013-08-31,4293.64
"1705",2013-09-01,4237.75
"1706",2013-09-02,4134.64
"1707",2013-09-03,4150.01
"1708",2013-09-04,4145.41
"1709",2013-09-05,4140.22
"1710",2013-09-06,4216.24
"1711",2013-09-07,4290.05
"1712",2013-09-08,4310.83
"1713",2013-09-09,4250.47
"1714",2013-09-10,4238.77
"1715",2013-09-11,4222.16
"1716",2013-09-12,4266.34
"1717",2013-09-13,4316.05
"1718",2013-09-14,4385.29
"1719",2013-09-15,4444.53
"1720",2013-09-16,4442.53
"1721",2013-09-17,4529.88
"1722",2013-09-18,4529.18
"1723",2013-09-19,4509.25
"1724",2013-09-20,4494.72
"1725",2013-09-21,4536.91
"1726",2013-09-22,4519.56
"1727",2013-09-23,4558.62
"1728",2013-09-24,4552.46
"1729",2013-09-25,4509.37
"1730",2013-09-26,4522.42
"1731",2013-09-27,4535.56
"1732",2013-09-28,4627.42
"1733",2013-09-29,4611.66
"1734",2013-09-30,4581.08
"1735",2013-10-01,4583.03
"1736",2013-10-02,4610.66
"1737",2013-10-03,4604.55
"1738",2013-10-04,4704.58
"1739",2013-10-05,4695.78
"1740",2013-10-06,4693.86
"1741",2013-10-07,4781.62
"1742",2013-10-08,4759.62
"1743",2013-10-09,4690.52
"1744",2013-10-10,4676.42
"1745",2013-10-11,4762.71
"1746",2013-10-12,4828.89
"1747",2013-10-13,4852.22
"1748",2013-10-14,4862.41
"1749",2013-10-15,4838.67
"1750",2013-10-16,4872.24
"1751",2013-10-17,4905.59
"1752",2013-10-18,4945.91
"1753",2013-10-19,4908.55
"1754",2013-10-20,4949.91
"1755",2013-10-21,5045.16
"1756",2013-10-22,5014.13
"1757",2013-10-23,5064.35
"1758",2013-10-24,5114.13
"1759",2013-10-25,5029
"1760",2013-10-26,5066.9
"1761",2013-10-27,5069.89
"1762",2013-10-28,5097.25
"1763",2013-10-29,5135.35
"1764",2013-10-30,5179.04
"1765",2013-10-31,5254.32
"1766",2013-11-01,5345.89
"1767",2013-11-02,5309.67
"1768",2013-11-03,5267.35
"1769",2013-11-04,5312.25
"1770",2013-11-05,5312.25
"1771",2013-11-06,5312.25
"1772",2013-11-07,5367.98
"1773",2013-11-08,5359.24
"1774",2013-11-09,5292.97
"1775",2013-11-10,5326.63
"1776",2013-11-11,5407.93
"1777",2013-11-12,5373.8
"1778",2013-11-13,5312.28
"1779",2013-11-14,5262.57
"1780",2013-11-15,5144.42
"1781",2013-11-16,5002.71
"1782",2013-11-17,5110.88
"1783",2013-11-18,5083.8
"1784",2013-11-19,5241.23
"1785",2013-11-20,5241.23
"1786",2013-11-21,5337.75
"1787",2013-11-22,5226.2
"1788",2013-11-23,5264.62
"1789",2013-11-24,5164.89
"1790",2013-11-25,5270.61
"1791",2013-11-26,5348.75
"1792",2013-11-27,5307.82
"1793",2013-11-28,5371.99
"1794",2013-11-29,5374.11
"1795",2013-11-30,5414.31
"1796",2013-12-01,5343.66
"1797",2013-12-02,5441
"1798",2013-12-03,5514.51
"1799",2013-12-04,5514.51
"1800",2013-12-05,5530.19
"1801",2013-12-06,5592.46
"1802",2013-12-07,5639.89
"1803",2013-12-08,5466.88
"1804",2013-12-09,5507.36
"1805",2013-12-10,5556.99
"1806",2013-12-11,5556.99
"1807",2013-12-12,5583.83
"1808",2013-12-13,5640.42
"1809",2013-12-14,5605.38
"1810",2013-12-15,5724.75
"1811",2013-12-16,5787.05
"1812",2013-12-17,5773.77
"1813",2013-12-18,5799.22
"1814",2013-12-19,5799.22
"1815",2013-12-20,5631.34
"1816",2013-12-21,5581.24
"1817",2013-12-22,5621.71
"1818",2013-12-23,5742.83
"1819",2013-12-24,5689.89
"1820",2013-12-25,5644.22
"1821",2013-12-26,5648.11
"1822",2013-12-27,5748.34
"1823",2013-12-28,5784.4
"1824",2013-12-29,5886.72
"1825",2013-12-30,5870.49
"1826",2013-12-31,5933.73
